,name,type
0,TAR1,Satellite/telo
1,L1MC5a,LINE/L1
2,MER5B,DNA/hAT-Charlie
3,MIR3,SINE/MIR
4,L2a,LINE/L2
5,L3,LINE/CR1
6,Plat_L3,LINE/CR1
7,MLT1K,LTR/ERVL-MaLR
8,MIR,SINE/MIR
10,L2b,LINE/L2
14,MIR1_Amn,SINE/MIR
15,L2c,LINE/L2
16,AluSp,SINE/Alu
18,MER33,DNA/hAT-Charlie
19,MIRb,SINE/MIR
21,L1MB3,LINE/L1
22,MER53,DNA/hAT
23,MLT1A,LTR/ERVL-MaLR
25,MIRc,SINE/MIR
26,AluJo,SINE/Alu
29,L1MB5,LINE/L1
30,Alu,SINE/Alu
31,L1PA6,LINE/L1
32,L1P1,LINE/L1
34,MLT1J2,LTR/ERVL-MaLR
36,AluJr,SINE/Alu
37,Charlie5,DNA/hAT-Charlie
40,MLT1E1A-int,LTR/ERVL-MaLR
41,MLT1E1A,LTR/ERVL-MaLR
42,AluSx,SINE/Alu
45,AluSx3,SINE/Alu
46,LTR16C,LTR/ERVL
47,ERVL-E-int,LTR/ERVL
48,MamRep1527,LTR
49,L1MA8,LINE/L1
51,L1M5,LINE/L1
52,L1MA9,LINE/L1
53,LTR12F,LTR/ERV1
54,MER45A,DNA/hAT-Tip100
55,MER58A,DNA/hAT-Charlie
56,L1PA14,LINE/L1
57,AluYj4,SINE/Alu
58,L2,LINE/L2
59,FLAM_A,SINE/Alu
62,MER47A,DNA/TcMar-Tigger
63,L1ME4c,LINE/L1
64,AluSc,SINE/Alu
66,L1PA4,LINE/L1
69,LTR89,LTR/ERVL?
71,L1MC,LINE/L1
72,L1PA7,LINE/L1
74,L1PA16,LINE/L1
76,L1PA2,LINE/L1
79,AluSz,SINE/Alu
82,L1M2,LINE/L1
85,L1PREC2,LINE/L1
86,L1PB,LINE/L1
87,Tigger5b,DNA/TcMar-Tigger
88,AluSc5,SINE/Alu
90,Tigger5,DNA/TcMar-Tigger
92,L1M4,LINE/L1
97,HAL1M8,LINE/L1
99,LTR103b_Mam,LTR/ERV1?
104,MLT1H2,LTR/ERVL-MaLR
106,AluYk2,SINE/Alu
107,MER4D1,LTR/ERV1
108,MER4CL34,LTR/ERV1
112,L5,LINE/RTE-X
115,MLT1H,LTR/ERVL-MaLR
116,AluY,SINE/Alu
117,MLT1I,LTR/ERVL-MaLR
120,MamRep605,LTR?
129,LTR33,LTR/ERVL
130,MSTB1,LTR/ERVL-MaLR
131,AluSq,SINE/Alu
138,MLT1C,LTR/ERVL-MaLR
141,AluJb,SINE/Alu
143,FAM,SINE/Alu
146,AluSq2,SINE/Alu
148,MLT1F2,LTR/ERVL-MaLR
149,L1ME3E,LINE/L1
150,LTR33B,LTR/ERVL
152,MER65D,LTR/ERV1
158,MLT1D,LTR/ERVL-MaLR
160,THE1C,LTR/ERVL-MaLR
162,L1MA5,LINE/L1
175,FLAM_C,SINE/Alu
178,AluSg,SINE/Alu
182,MER1A,DNA/hAT-Charlie
185,MER21C,LTR/ERVL
195,LTR41,LTR/ERVL
206,AluJr4,SINE/Alu
209,L1MB8,LINE/L1
215,Tigger12,DNA/TcMar-Tigger
217,LTR37A,LTR/ERV1
222,AluSg4,SINE/Alu
231,MER11B,LTR/ERVK
235,L1ME4b,LINE/L1
241,U6,snRNA
242,MER8,DNA/TcMar-Tigger
244,Charlie29b,DNA/hAT-Charlie
246,AluSx1,SINE/Alu
249,MSTD,LTR/ERVL-MaLR
257,AluSg7,SINE/Alu
261,AluSz6,SINE/Alu
262,Charlie4z,DNA/hAT-Charlie
277,MLT2B3,LTR/ERVL
281,MER31-int,LTR/ERV1
282,MER92-int,LTR/ERV1
288,MER34A,LTR/ERV1
289,L1MC3,LINE/L1
290,MSTA1,LTR/ERVL-MaLR
292,MER4A1,LTR/ERV1
299,MER4E,LTR/ERV1
353,AluYc,SINE/Alu
375,L1M2c,LINE/L1
379,SVA_E,Retroposon/SVA
387,L1M4c,LINE/L1
395,THE1D,LTR/ERVL-MaLR
409,MLT1H1,LTR/ERVL-MaLR
415,LTR64,LTR/ERV1
416,MLT1H1-int,LTR/ERVL-MaLR
419,THE1B,LTR/ERVL-MaLR
420,THE1B-int,LTR/ERVL-MaLR
425,L1M7,LINE/L1
433,L1MA4,LINE/L1
440,L1MA7,LINE/L1
446,ERVL-int,LTR/ERVL
448,L1PA5,LINE/L1
449,L1MEd,LINE/L1
450,L1PA10,LINE/L1
451,L1PA8,LINE/L1
477,L1PA8A,LINE/L1
479,L1P4,LINE/L1
480,L1PA15-16,LINE/L1
481,LTR22C2,LTR/ERVK
482,L1ME3D,LINE/L1
484,L1MA2,LINE/L1
495,L1ME3B,LINE/L1
523,L1ME4a,LINE/L1
534,LTR39,LTR/ERV1
540,MER103C,DNA/hAT-Charlie
544,MSTA,LTR/ERVL-MaLR
549,MLT1O,LTR/ERVL-MaLR
551,LTR37B,LTR/ERV1
556,FRAM,SINE/Alu
557,MLT1E3,LTR/ERVL-MaLR
562,MER4E1,LTR/ERV1
566,MER5A,DNA/hAT-Charlie
568,LTR9B,LTR/ERV1
573,LTR83,LTR/ERVL
574,L1ME1,LINE/L1
578,MER39B,LTR/ERV1
579,L1MD3,LINE/L1
580,L1MC4a,LINE/L1
591,AluYf1,SINE/Alu
597,Charlie20a,DNA/hAT-Charlie
599,Tigger4b,DNA/TcMar-Tigger
601,Ricksha_0,DNA/MULE-MuDR
604,MER112,DNA/hAT-Charlie
611,MER31B,LTR/ERV1
612,Charlie30a,DNA/hAT-Charlie
705,tRNA-Gln-CAA_,tRNA
706,tRNA-Ser-TCA(m),tRNA
729,MER124,DNA?
772,L1ME3A,LINE/L1
999,MER3,DNA/hAT-Charlie
1000,MER5A1,DNA/hAT-Charlie
1002,L1ME3,LINE/L1
1003,L1MEg,LINE/L1
1004,L1MC4,LINE/L1
1008,LTR104_Mam,LTR/Gypsy
1009,BLACKJACK,DNA/hAT-Blackjack
1010,L1M3,LINE/L1
1013,LTR7,LTR/ERV1
1016,MER67C,LTR/ERV1
1017,LTR67B,LTR/ERVL
1022,LTR79,LTR/ERVL
1023,Charlie1b,DNA/hAT-Charlie
1025,Charlie1a,DNA/hAT-Charlie
1026,Tigger3a,DNA/TcMar-Tigger
1037,MER113A,DNA/hAT-Charlie
1040,MER44B,DNA/TcMar-Tigger
1042,Chap1a_Mam,DNA/hAT-Charlie
1043,MLT1C2,LTR/ERVL-MaLR
1044,L1M8,LINE/L1
1051,MER102c,DNA/hAT-Charlie
1054,Tigger7,DNA/TcMar-Tigger
1056,MER41D,LTR/ERV1
1059,HAL1,LINE/L1
1060,MLT1A1,LTR/ERVL-MaLR
1062,LTR78,LTR/ERV1
1069,SVA_D,Retroposon/SVA
1071,L1M4b,LINE/L1
1076,UCON76,Unknown
1077,MLT1B,LTR/ERVL-MaLR
1079,L1MC1,LINE/L1
1080,L2d,LINE/L2
1084,L1PA3,LINE/L1
1087,Charlie19a,DNA/hAT-Charlie
1091,LTR2C,LTR/ERV1
1100,L1MB4,LINE/L1
1109,BSR/Beta,Satellite
1112,AluSc8,SINE/Alu
1116,MER101-int,LTR/ERV1
1118,LOR1-int,LTR/ERV1
1124,LTR57-int,LTR/ERVL
1131,HERVK9-int,LTR/ERVK
1136,MER9a2,LTR/ERVK
1138,MER102a,DNA/hAT-Charlie
1141,MER67A,LTR/ERV1
1146,MER2,DNA/TcMar-Tigger
1149,HERV16-int,LTR/ERVL
1154,X24_LINE,LINE/L2
1158,L1MEc,LINE/L1
1173,MER63B,DNA/hAT-Blackjack
1184,MER4A1_,LTR/ERV1
1229,MLT1G1,LTR/ERVL-MaLR
1234,AluYa5,SINE/Alu
1235,L1MD,LINE/L1
1255,LTR12C,LTR/ERV1
1271,LTR13A,LTR/ERVK
1274,Tigger19b,DNA/TcMar-Tigger
1298,L1MEf,LINE/L1
1305,L1M4a2,LINE/L1
1328,MER49,LTR/ERV1
1330,L1ME2,LINE/L1
1332,MER50,LTR/ERV1
1338,AluSx4,SINE/Alu
1342,L1PB1,LINE/L1
1345,MamRep1151,LTR?
1358,MER41B,LTR/ERV1
1359,MER30,DNA/hAT-Charlie
1365,Arthur1B,DNA/hAT-Tip100
1383,LTR46,LTR/ERV1
1406,MER9a1,LTR/ERVK
1446,LTR13,LTR/ERVK
1450,LTR13_,LTR/ERVK
1456,MER54A,LTR/ERVL
1464,MER68,LTR/ERVL
1471,L3b,LINE/CR1
1476,MER4B,LTR/ERV1
1477,MER4B-int,LTR/ERV1
1492,AluYe5,SINE/Alu
1515,LTR16B1,LTR/ERVL
1524,AluSq4,SINE/Alu
1528,AluYc3,SINE/Alu
1535,AluYh3,SINE/Alu
1544,MER20,DNA/hAT-Charlie
1547,hAT-1_Mam,DNA/hAT-Tag1
1551,MER63D,DNA/hAT-Blackjack
1561,MER66C,LTR/ERV1
1567,AluYk3,SINE/Alu
1568,MER66-int,LTR/ERV1
1607,7SLRNA,srpRNA
1610,AluYh9,SINE/Alu
1618,MER74B,LTR/ERVL
1619,LTR5_Hs,LTR/ERVK
1624,LTR2B,LTR/ERV1
1625,Harlequin-int,LTR/ERV1
1633,LTR75,LTR/ERVL
1658,AluYa8,SINE/Alu
1659,LTR10A,LTR/ERV1
1662,HERV9N-int,LTR/ERV1
1668,HERVIP10F-int,LTR/ERV1
1670,MER131,DNA?
1675,HUERS-P1-int,LTR/ERV1
1709,LTR7B,LTR/ERV1
1783,L1M1,LINE/L1
1800,Charlie22a,DNA/hAT-Charlie
1878,MER65A,LTR/ERV1
1881,MER65-int,LTR/ERV1
1885,MER52A,LTR/ERV1
1910,MER52C,LTR/ERV1
1930,MER83,LTR/ERV1
1948,MER113,DNA/hAT-Charlie
1961,LTR26B,LTR/ERV1
1962,LTR42,LTR/ERVL
1966,MER4D,LTR/ERV1
2001,Tigger1a_Art,DNA/TcMar-Tigger
2014,MER65B,LTR/ERV1
2021,AluYi6,SINE/Alu
2027,L1P5,LINE/L1
2033,OldhAT1,DNA/hAT-Ac
2037,L1MC5,LINE/L1
2087,ORSL-2b,DNA/hAT-Tip100
2105,L1M4a1,LINE/L1
2112,AluYm1,SINE/Alu
2121,Tigger1,DNA/TcMar-Tigger
2224,Tigger16a,DNA/TcMar-Tigger
2229,Arthur1A,DNA/hAT-Tip100
2250,L1ME3G,LINE/L1
2254,L1MEb,LINE/L1
2274,Tigger15a,DNA/TcMar-Tigger
2310,X26_DNA,DNA/TcMar-Tigger
2340,Charlie15b,DNA/hAT-Charlie
2361,Tigger2,DNA/TcMar-Tigger
2391,MER44A,DNA/TcMar-Tigger
2392,MER119,DNA/hAT-Charlie
2406,X7A_LINE,LINE/CR1
2434,L2d2,LINE/L2
2444,MER1B,DNA/hAT-Charlie
2455,Charlie1,DNA/hAT-Charlie
2471,LSU-rRNA_Hsa,rRNA
2524,LTR16E1,LTR/ERVL
2525,ERV3-16A3_I-int,LTR/ERVL
2526,ERV3-16A3_LTR,LTR/ERVL
2527,MLT2D,LTR/ERVL
2530,L1MB2,LINE/L1
2536,Charlie2b,DNA/hAT-Charlie
2546,MER81,DNA/hAT-Blackjack
2556,MER89,LTR/ERV1
2581,MER91B,DNA/hAT-Tip100
2598,MER31A,LTR/ERV1
2600,MLT1A0,LTR/ERVL-MaLR
2601,MSTB,LTR/ERVL-MaLR
2619,LTR18B,LTR/ERVL
2660,Charlie8,DNA/hAT-Charlie
2704,MER46C,DNA/TcMar-Tigger
2723,LTR81B,LTR/Gypsy
2727,LTR40a,LTR/ERVL
2728,LTR81,LTR/Gypsy
2768,MER58B,DNA/hAT-Charlie
2770,MER74A,LTR/ERVL
2778,MER63A,DNA/hAT-Blackjack
2804,LTR52,LTR/ERVL
2811,Kanga1,DNA/TcMar-Tc2
2830,MLT-int,LTR/ERVL-MaLR
2833,Charlie16,DNA/hAT-Charlie
2836,MLT2C1,LTR/ERVL
2856,Tigger3c,DNA/TcMar-Tigger
2862,MER91A,DNA/hAT-Tip100
2867,MLT2B1,LTR/ERVL
2894,MER47B,DNA/TcMar-Tigger
2896,L1MB7,LINE/L1
2913,AmnSINE2,SINE/tRNA-Deu
2977,MamRTE1,LINE/RTE-BovB
3005,THE1A,LTR/ERVL-MaLR
3013,MER45B,DNA/hAT-Tip100
3036,LTR81C,LTR/Gypsy
3037,MLT1J,LTR/ERVL-MaLR
3046,Tigger2a,DNA/TcMar-Tigger
3066,MER66B,LTR/ERV1
3084,LTR41C,LTR/ERVL
3088,MER34C_,LTR/ERV1
3102,MER58C,DNA/hAT-Charlie
3134,LTR26,LTR/ERV1
3210,BC200,scRNA
3233,LTR40c,LTR/ERVL
3235,MER34,LTR/ERV1
3237,LTR19A,LTR/ERV1
3256,L1MCc,LINE/L1
3262,AmnSINE1,SINE/5S-Deu-L2
3290,MSTA-int,LTR/ERVL-MaLR
3291,HERVL-int,LTR/ERVL
3297,LTR27C,LTR/ERV1
3317,MER117,DNA/hAT-Charlie
3334,LTR106_Mam,LTR
3349,MLT1H-int,LTR/ERVL-MaLR
3353,MER75,DNA/PiggyBac
3360,MLT2B4,LTR/ERVL
3371,Tigger17c,DNA/TcMar-Tigger
3372,Tigger17d,DNA/TcMar-Tigger
3373,Charlie25,DNA/hAT-Charlie
3381,MER51A,LTR/ERV1
3385,MER96,DNA/hAT-Tip100
3390,LTR40b,LTR/ERVL
3431,MLT1E2,LTR/ERVL-MaLR
3443,ERVL-B4-int,LTR/ERVL
3453,MER107,DNA/hAT-Charlie
3472,Arthur1C,DNA/hAT-Tip100
3473,MER45C,DNA/hAT-Tip100
3479,THE1C-int,LTR/ERVL-MaLR
3495,MER121,DNA/hAT?
3507,L1PA12,LINE/L1
3512,AluYg6,SINE/Alu
3523,LTR16A1,LTR/ERVL
3529,MSTB-int,LTR/ERVL-MaLR
3543,L1MDa,LINE/L1
3551,L1ME3Cz,LINE/L1
3557,L1ME2z,LINE/L1
3564,L1PA15,LINE/L1
3601,tRNA-Gly-GGA,tRNA
3603,UCON16,Unknown
3615,Eulor10,DNA?
3650,L1MA10,LINE/L1
3657,X30_DNA,DNA
3660,L1MC2,LINE/L1
3675,MamTip2b,DNA/hAT-Tip100
3728,UCON80_AMi,Unknown
3732,Charlie15a,DNA/hAT-Charlie
3753,L1ME3C,LINE/L1
3805,L1MEh,LINE/L1
3813,L1MA5A,LINE/L1
3846,LTR10B2,LTR/ERV1
3853,LTR21C,LTR/ERV1
3863,LTR62,LTR/ERVL
3880,L1PA11,LINE/L1
3884,THE1D-int,LTR/ERVL-MaLR
3908,MER44C,DNA/TcMar-Tigger
3916,Charlie4a,DNA/hAT-Charlie
3919,MER34C2,LTR/ERV1
3932,MER39,LTR/ERV1
3933,AluYh3a3,SINE/Alu
3941,MADE2,DNA/TcMar-Mariner
3962,MSR1,Satellite
4003,Helitron3Na_Mam,RC/Helitron
4007,LTR5B,LTR/ERVK
4008,LTR45C,LTR/ERV1
4050,Tigger3d,DNA/TcMar-Tigger
4066,LTR8A,LTR/ERV1
4075,MER4A,LTR/ERV1
4084,LTR38,LTR/ERV1
4085,LTR38-int,LTR/ERV1
4088,HERVK13-int,LTR/ERVK
4108,LTR3B_,LTR/ERVK
4127,MLT1E1,LTR/ERVL-MaLR
4130,LTR78B,LTR/ERV1
4142,L1MB1,LINE/L1
4143,Tigger4a,DNA/TcMar-Tigger
4185,L1MD2,LINE/L1
4223,MER115,DNA/hAT-Tip100
4230,MER77,LTR/ERVL
4241,LTR3A,LTR/ERVK
4263,MER77B,LTR/ERVL
4269,LTR33C,LTR/ERVL
4270,LTR85c,LTR/Gypsy?
4273,Kanga1a,DNA/TcMar-Tc2
4277,Kanga1d,DNA/TcMar-Tc2
4292,LTR105_Mam,LTR/ERVL
4295,MLT2B2,LTR/ERVL
4307,MLT1L,LTR/ERVL-MaLR
4323,MER85,DNA/PiggyBac
4324,MLT1J1,LTR/ERVL-MaLR
4332,MER92B,LTR/ERV1
4334,LTR10E,LTR/ERV1
4354,MER63C,DNA/hAT-Blackjack
4363,LTR16E2,LTR/ERVL
4395,L1PA13,LINE/L1
4408,Kanga1b,DNA/TcMar-Tc2
4420,MLT1F1,LTR/ERVL-MaLR
4423,L4_B_Mam,LINE/RTE-X
4431,L1ME5,LINE/L1
4445,MamRep4096,DNA/hAT-Tip100
4466,MER21B,LTR/ERVL
4468,L1P2,LINE/L1
4479,LTR85a,LTR/Gypsy?
4480,Tigger19a,DNA/TcMar-Tigger
4499,HAL1ME,LINE/L1
4501,LTR24C,LTR/ERV1
4505,L1MA1,LINE/L1
4524,MSTC,LTR/ERVL-MaLR
4536,AluYb8,SINE/Alu
4539,MER21A,LTR/ERVL
4557,X6a_DNA,DNA/TcMar-Tigger
4588,MSTB2,LTR/ERVL-MaLR
4636,MLT2A2,LTR/ERVL
4657,MER48,LTR/ERV1
4664,HERVH-int,LTR/ERV1
4670,L1PA17,LINE/L1
4697,L1PB4,LINE/L1
4700,LTR53B,LTR/ERVL
4744,L1ME3F,LINE/L1
4745,MER61B,LTR/ERV1
4756,tRNA-Leu-TTA,tRNA
4757,MLT1A0-int,LTR/ERVL-MaLR
4806,LOR1a,LTR/ERV1
4821,LTR33A_,LTR/ERVL
4829,MER57B1,LTR/ERV1
4848,AluYh7,SINE/Alu
4900,LTR16A2,LTR/ERVL
4902,LTR53,LTR/ERVL
4914,X17_LINE,LINE/CR1
4930,MER90,LTR/ERV1
4941,LTR50,LTR/ERVL
4951,LTR1A2,LTR/ERV1
4975,LTR89B,LTR/ERVL?
4991,MER11A,LTR/ERVK
4996,LTR81AB,LTR/Gypsy
5017,LTR1B1,LTR/ERV1
5042,MER61D,LTR/ERV1
5051,MER61A,LTR/ERV1
5076,Arthur1,DNA/hAT-Tip100
5077,X7B_LINE,LINE/CR1
5080,LTR8,LTR/ERV1
5085,Eutr15,DNA/hAT-Tip100?
5106,L1MA6,LINE/L1
5140,MamRep434,DNA/TcMar-Tigger
5157,L1PB2,LINE/L1
5169,L1P3,LINE/L1
5179,EUTREP8,LTR
5191,CR1_Mam,LINE/CR1
5198,MER45R,DNA/hAT-Tip100
5218,Tigger17a,DNA/TcMar-Tigger
5219,MamTip1,DNA/hAT-Tip100
5251,LTR101_Mam,LTR/ERVL
5256,X6B_LINE,LINE/CR1
5269,MLT1G,LTR/ERVL-MaLR
5278,Tigger11a,DNA/TcMar-Tigger
5280,MER110,LTR/ERV1
5304,MLT1N2,LTR/ERVL-MaLR
5309,LTR66,LTR/ERVL
5310,HERVL66-int,LTR/ERVL
5313,X6A_LINE,LINE/CR1
5326,MER54B,LTR/ERVL
5353,MER70A,LTR/ERVL
5361,MLT1E,LTR/ERVL-MaLR
5399,L1MD1,LINE/L1
5415,MamGypsy2-I,LTR/Gypsy
5417,MamGypsy2-LTR,LTR/Gypsy
5448,LTR90B,LTR
5473,MER20B,DNA/hAT-Charlie
5539,MamSINE1,SINE/tRNA-RTE
5548,LTR16D,LTR/ERVL
5550,MLT1F,LTR/ERVL-MaLR
5574,LTR24,LTR/ERV1
5576,LTR24B,LTR/ERV1
5584,MER57A1,LTR/ERV1
5591,LTR10C,LTR/ERV1
5593,MLT1J-int,LTR/ERVL-MaLR
5600,MADE1,DNA/TcMar-Mariner
5608,MLT2A1,LTR/ERVL
5618,LTR48B,LTR/ERV1
5619,MER34-int,LTR/ERV1
5620,LTR49-int,LTR/ERV1
5624,tRNA-Glu-GAA,tRNA
5640,MER70B,LTR/ERVL
5667,HAL1b,LINE/L1
5692,MER121B,DNA/hAT?
5703,L1MEi,LINE/L1
5718,LFSINE_Vert,SINE/tRNA
5719,Tigger9b,DNA/TcMar-Tigger
5725,UCON49,LINE/L2
5727,Kanga2_a,DNA/TcMar-Tc2
5745,Tigger23a,DNA/TcMar-Tigger
5773,MamGypLTR1a,LTR/Gypsy
5864,L1MEj,LINE/L1
5889,L4_A_Mam,LINE/RTE-X
5895,MamRep38,DNA/hAT
5905,L1PB3,LINE/L1
5919,LTR23,LTR/ERV1
5920,ERV24_Prim-int,LTR/ERV1
5921,LTR23-int,LTR/ERV1
5926,MER34B,LTR/ERV1
5932,LTR54,LTR/ERV1
5960,MER34C,LTR/ERV1
5967,MER75A,DNA/PiggyBac
5969,LTR16A,LTR/ERVL
6000,L1M6,LINE/L1
6003,MER44D,DNA/TcMar-Tigger
6051,MER34A1,LTR/ERV1
6072,L4_C_Mam,LINE/RTE-X
6144,MamRep1879,DNA/hAT-Tip100?
6160,MER94,DNA/hAT-Blackjack
6166,X12_DNA,DNA/TcMar-Tigger
6193,LTR16B2,LTR/ERVL
6306,Zaphod3,DNA/hAT-Tip100
6336,MER58D,DNA/hAT-Charlie
6340,MamTip2,DNA/hAT-Tip100
6382,LTR33A,LTR/ERVL
6432,MER41A,LTR/ERV1
6447,LTR8B,LTR/ERV1
6467,MER5C,DNA/hAT-Charlie
6470,UCON63,Unknown
6578,MLT1C2-int,LTR/ERVL-MaLR
6591,Tigger13a,DNA/TcMar-Tigger
6592,LTR16D2,LTR/ERVL
6594,ORSL,DNA/hAT-Tip100
6609,MARNA,DNA/TcMar-Mariner
6668,MLT1G1-int,LTR/ERVL-MaLR
6677,LTR84b,LTR/ERVL
6728,LTR1C,LTR/ERV1
6737,THE1A-int,LTR/ERVL-MaLR
6769,LTR91,LTR
6886,LTR41B,LTR/ERVL
6907,LTR91A,LTR
6959,AluSq10,SINE/Alu
7010,X12_LINE,LINE/Jockey
7022,MER105,DNA/hAT-Charlie
7024,LTR19B,LTR/ERV1
7029,HERVIP10FH-int,LTR/ERV1
7035,Charlie16a,DNA/hAT-Charlie
7044,FordPrefect_a,DNA/hAT-Tip100
7057,MER11C,LTR/ERVK
7086,LTR71B,LTR/ERV1
7111,LTR16D1,LTR/ERVL
7129,L1MA3,LINE/L1
7169,Charlie18a,DNA/hAT-Charlie
7172,MER51E,LTR/ERV1
7182,MER91C,DNA/hAT-Tip100
7243,LTR86A1,LTR/ERVL
7287,U2,snRNA
7308,LTR75_1,LTR/ERV1
7312,MER72,LTR/ERV1
7422,L2-3_Crp,LINE/L2
7492,UCON88,Unknown
7600,Charlie32a,DNA/hAT-Charlie
7816,MLT1D-int,LTR/ERVL-MaLR
7893,MER52D,LTR/ERV1
7941,L1M,LINE/L1
7975,X15_LINE,LINE/L2
7978,LTR12E,LTR/ERV1
8116,MamRep564,Unknown
8302,LTR21B,LTR/ERV1
8303,HERVFH21-int,LTR/ERV1
8308,LTR14B,LTR/ERVK
8316,AluYk4,SINE/Alu
8359,Cheshire,DNA/hAT-Charlie
8450,MamRep605b,LTR?
8485,LTR12,LTR/ERV1
8523,MER101,LTR/ERV1
8536,X7C_LINE,LINE/CR1
8542,LTR36,LTR/ERV1
8620,MER126,DNA
8621,MER130,DNA
8642,UCON22,Unknown
8651,MLT1M,LTR/ERVL-MaLR
8705,LTR71A,LTR/ERV1
8706,U13_,snRNA
8714,UCON73,DNA/hAT
8732,Penelope1_Vert,LINE/Penelope
8831,Tigger14a,DNA/TcMar-Tigger
8868,Charlie7a,DNA/hAT-Charlie
8869,MamRep137,DNA/TcMar-Tigger
8879,Charlie29a,DNA/hAT-Charlie
8937,Charlie17a,DNA/hAT-Charlie
8951,MER94B,DNA/hAT-Blackjack
9007,Eulor2A,DNA?
9075,X9_LINE,LINE/L1
9086,UCON20,Unknown
9266,LTR86A2,LTR/ERVL
9275,MER102b,DNA/hAT-Charlie
9292,X5B_LINE,LINE/CR1
9304,X20_LINE,LINE/CR1
9501,U1,snRNA
9607,Mam_R4,LINE/Dong-R4
9680,MLT2C2,LTR/ERVL
9682,Ricksha_c,DNA/MULE-MuDR
9695,MLT1G3,LTR/ERVL-MaLR
9720,X9a_DNA,DNA
9843,CR1-16_AMi,LINE/CR1
9867,MER96B,DNA/hAT-Tip100
10016,LTR1F,LTR/ERV1
10023,UCON57,Unknown
10046,Charlie24,DNA/hAT-Charlie
10209,MER75B,DNA/PiggyBac
10293,5S,rRNA
10406,MER90a,LTR/ERV1
10410,L1MA4A,LINE/L1
10530,Tigger3b,DNA/TcMar-Tigger
10550,tRNA-Glu-GAG_,tRNA
10573,Zaphod,DNA/hAT-Tip100
10611,MER84,LTR/ERV1
10612,MER84-int,LTR/ERV1
10664,HY1,scRNA
10738,MARE4,DNA/hAT-Tip100
10820,Charlie10,DNA/hAT-Charlie
10854,LTR9D,LTR/ERV1
10859,SVA_F,Retroposon/SVA
10916,Charlie26a,DNA/hAT-Charlie
10988,Charlie21a,DNA/hAT-Charlie
11041,MamGypLTR2c,LTR/Gypsy
11122,EuthAT-2,DNA/hAT-Ac
11289,LTR29,LTR/ERV1
11320,SVA_B,Retroposon/SVA
11356,MamGypLTR1b,LTR/Gypsy
11470,Charlie10a,DNA/hAT-Charlie
11533,LTR86C,LTR/ERVL
11541,U5,snRNA
11636,Charlie2a,DNA/hAT-Charlie
11749,MER104,DNA/TcMar-Tc2
11779,SVA_A,Retroposon/SVA
11875,Kanga11a,DNA/TcMar-Tc2
11903,MER5C1,DNA/hAT-Charlie
11944,Charlie23a,DNA/hAT-Charlie
11972,Tigger9a,DNA/TcMar-Tigger
12026,Charlie17,DNA/hAT-Charlie
12132,L1MCb,LINE/L1
12290,X32_DNA,DNA/TcMar-Tc1
12349,L1MCa,LINE/L1
12396,MamGypLTR4,LTR/Gypsy
12466,MARE8,DNA
12505,MER51B,LTR/ERV1
12523,HERV9-int,LTR/ERV1
12537,LTR47A,LTR/ERVL
12555,MER9a3,LTR/ERVK
12571,LTR82A,LTR/ERVL
12588,LTR21A,LTR/ERV1
12635,HERVL40-int,LTR/ERVL
12640,LTR77,LTR/ERV1
12641,LTR61,LTR/ERV1
12803,MER106B,DNA/hAT-Charlie
12935,LTR56,LTR/ERV1
12961,MER4C,LTR/ERV1
12994,MER41E,LTR/ERV1
12997,AluYe6,SINE/Alu
13007,HERVFH19-int,LTR/ERV1
13018,MER110A,LTR/ERV1
13032,AluYd8,SINE/Alu
13081,MER11D,LTR/ERVK
13191,Tigger10,DNA/TcMar-Tigger
13201,hAT-N1a_Mam,DNA/hAT-Tip100
13220,MamGypLTR3a,LTR/Gypsy
13224,Eutr10,LTR/ERVL?
13232,LTR26E,LTR/ERV1
13396,MamRep488,DNA/hAT-Tip100
13434,MLT2B5,LTR/ERVL
13469,Charlie7,DNA/hAT-Charlie
13551,Zaphod2,DNA/hAT-Tip100
13670,CR1-3_Croc,LINE/CR1
13815,LTR85b,LTR/Gypsy?
13870,LTR9,LTR/ERV1
13886,LTR60B,LTR/ERV1
13921,LTR2,LTR/ERV1
14196,MER57C1,LTR/ERV1
14226,MER21-int,LTR/ERVL
14279,AluYi6_4d,SINE/Alu
14496,SVA_C,Retroposon/SVA
14515,Tigger4,DNA/TcMar-Tigger
14518,MER47C,DNA/TcMar-Tigger
14751,ORSL-2a,DNA/hAT-Tip100
14890,7SK,RNA
15021,LTR1D1,LTR/ERV1
15047,LTR51,LTR/ERV1
15189,Kanga1c,DNA/TcMar-Tc2
15498,Zaphod5a,DNA/hAT-Tip100
15767,X7D_LINE,LINE/CR1
15823,MER106A,DNA/hAT-Charlie
16029,LTR84a,LTR/ERVL
16061,Tigger16b,DNA/TcMar-Tigger
16261,UCON14,DNA?
16284,UCON70,Unknown
16285,UCON29,DNA/Kolobok
16332,Charlie13a,DNA/hAT-Charlie
16372,MLT2F,LTR/ERVL
16381,L2-1_AMi,LINE/L2
16622,UCON105,DNA/hAT?
16703,UCON81,DNA/hAT-Charlie
17013,Charlie4,DNA/hAT-Charlie
17171,LTR26C,LTR/ERV1
17276,AluYk11,SINE/Alu
17304,MER2B,DNA/TcMar-Tigger
17335,EutTc1-N2,DNA/TcMar-Tc1
17433,L2-2_Mam,LINE/L2
17518,X5a_DNA,DNA/TcMar
17603,Charlie13b,DNA/hAT-Charlie
17631,CR1-8_Crp,LINE/CR1
17824,LTR16,LTR/ERVL
17952,LTR43B,LTR/ERV1
18206,LTR103_Mam,LTR/ERV1?
18286,LTR47B2,LTR/ERVL
18481,X1_DNA,DNA/TcMar-Tigger
18788,X33a_DNA,DNA/TcMar-Tc1
18814,Tigger22N1,DNA/TcMar-Tigger
18972,HY3,scRNA
18986,ERV24B_Prim-int,LTR/ERV1
19005,HSMAR1,DNA/TcMar-Mariner
19217,MER34B-int,LTR/ERV1
19307,L1P4a,LINE/L1
19355,LTR75B,LTR/ERVL
19740,LTR1C1,LTR/ERV1
19820,MER67B,LTR/ERV1
19960,X6b_DNA,DNA/TcMar-Tigger
19990,UCON34,DNA/hAT-Charlie
20098,U3,snRNA
20118,Eutr11,DNA
20265,MER97c,DNA/hAT-Tip100
20273,MLT2E,LTR/ERVL
20371,LTR65,LTR/ERV1
20446,HSMAR2,DNA/TcMar-Mariner
20483,Tigger8,DNA/TcMar-Tigger
20565,MER52-int,LTR/ERV1
20566,LTR22B1,LTR/ERVK
20569,HERV4_I-int,LTR/ERV1
20596,Zaphod4a,DNA/hAT-Tip100
20602,MER68-int,LTR/ERVL
20624,MER70C,LTR/ERVL
20659,LTR102_Mam,LTR/ERVL
20692,LTR10F,LTR/ERV1
20720,MER6,DNA/TcMar-Tigger
20746,U13,snRNA
20804,Tigger6a,DNA/TcMar-Tigger
20808,PRIMA4-int,LTR/ERV1
20809,HERVK-int,LTR/ERVK
20827,MER41G,LTR/ERV1
20868,LTR44,LTR/ERV1
20898,LTR45B,LTR/ERV1
20903,MER57A-int,LTR/ERV1
20986,LTR45,LTR/ERV1
21071,LTR7Y,LTR/ERV1
21091,LTR1C3,LTR/ERV1
21124,L1M3f,LINE/L1
21237,HERV3-int,LTR/ERV1
21238,HERV1_I-int,LTR/ERV1
21245,Tigger6,DNA/TcMar-Tigger
21246,GSATII,Satellite/centr
21257,HERVE-int,LTR/ERV1
21559,LTR57,LTR/ERVL
21729,HERV9NC-int,LTR/ERV1
21732,LTR12D,LTR/ERV1
21746,LOR1b,LTR/ERV1
22169,LTR88a,LTR/Gypsy?
22484,MER6B,DNA/TcMar-Tigger
22489,LTR10B,LTR/ERV1
22591,LTR14A,LTR/ERVK
22771,UCON58,DNA?
22858,MamTip1b,DNA/hAT-Tip100
22924,MER6C,DNA/TcMar-Tigger
23003,LTR22A,LTR/ERVK
23059,Tigger18a,DNA/TcMar-Tigger
23067,Tigger2b_Pri,DNA/TcMar-Tigger
23099,MST-int,LTR/ERVL-MaLR
23107,AluYb9,SINE/Alu
23136,Ricksha,DNA/MULE-MuDR
23137,Ricksha_a,DNA/MULE-MuDR
23162,LTR80A,LTR/ERVL
23202,Charlie31a,DNA/hAT-Charlie
23294,UCON35,Unknown
23297,LTR86B1,LTR/ERVL
23309,UCON41,Unknown
23348,MamGypLTR1c,LTR/Gypsy
23365,LTR82B,LTR/ERVL
23373,LTR88b,LTR/Gypsy?
23494,Helitron2Na_Mam,RC?/Helitron?
23533,MLT1F-int,LTR/ERVL-MaLR
23560,LTR55,LTR/ERVL?
23636,X34_DNA,DNA
23703,L1HS,LINE/L1
23716,MER6A,DNA/TcMar-Tigger
23827,MLT1I-int,LTR/ERVL-MaLR
23978,LTR9A1,LTR/ERV1
24088,Tigger12c,DNA/TcMar-Tigger
24089,Tigger12A,DNA/TcMar-Tigger
24105,HERVL74-int,LTR/ERVL
24157,MamTip3,DNA/hAT-Tip100
24304,UCON71_Crp,Unknown
24360,MER135,DNA
24392,tRNA-Thr-ACA,tRNA
24481,LTR32,LTR/ERVL
24618,CR1-1_Amn,LINE/CR1
24624,X1_LINE,LINE/CR1
24720,LTR16B,LTR/ERVL
24762,MER127,DNA/TcMar-Tigger
24807,UCON65,Unknown
25180,LTR10D,LTR/ERV1
25451,PRIMA4_LTR,LTR/ERV1
25523,MER57E2,LTR/ERV1
25552,MamGypLTR1d,LTR/Gypsy
26024,CR1-L3A_Croc,LINE/CR1
26163,UCON78,DNA
26351,EUTREP2,Unknown
26464,MER57F,LTR/ERV1
26553,DNA1_Mam,DNA/TcMar
26623,Charlie17b,DNA/hAT-Charlie
26677,U7,snRNA
26812,MLT1J1-int,LTR/ERVL-MaLR
27213,MER129,LTR?
27724,MERX,DNA/TcMar-Tigger
27833,Tigger17,DNA/TcMar-Tigger
28231,EUTREP16,LTR
28712,LTR4,LTR/ERV1
28718,MER87,LTR/ERV1
28739,LTR49,LTR/ERV1
28741,MER51D,LTR/ERV1
28747,tRNA-Asn-AAC,tRNA
28760,PRIMA41-int,LTR/ERV1
28771,tRNA-His-CAY_,tRNA
28788,tRNA-Gly-GGG,tRNA
28789,tRNA-Val-GTG,tRNA
28799,tRNA-Gln-CAG,tRNA
29248,LTR39-int,LTR/ERV1
29269,X9b_DNA,DNA/TcMar-Tigger
29527,MER57B2,LTR/ERV1
29817,LTR54B,LTR/ERV1
29855,LTR76,LTR/ERV1
29869,MamGypLTR2b,LTR/Gypsy
29901,MER50C,LTR/ERV1
29924,tRNA-Met_,tRNA
29963,PABL_B,LTR/ERV1
30221,LTR15,LTR/ERV1
30376,LTR38B,LTR/ERV1
30452,HERV-Fc2_LTR,LTR/ERV1
30677,MER61-int,LTR/ERV1
31157,LTR81A,LTR/Gypsy
31168,UCON44,DNA/TcMar
31178,UCON47,Unknown
31258,UCON89,DNA/hAT?
31582,Chap1_Mam,DNA/hAT-Charlie
31671,Helitron1Na_Mam,RC/Helitron
31680,Helitron1Nb_Mam,RC/Helitron
32250,Eutr18,LTR?
32312,X11_DNA,DNA/TcMar-Tigger
32497,X23_DNA,DNA
32529,UCON11,DNA/TcMar-Tigger
32764,MER41-int,LTR/ERV1
32961,LTR1F1,LTR/ERV1
33234,X8_LINE,LINE/CR1
34024,L2-1_Crp,LINE/L2
34115,MER4D0,LTR/ERV1
34374,MER30B,DNA/hAT-Charlie
34572,HUERS-P3-int,LTR/ERV1
34677,Eutr2B,DNA
34984,HERV35I-int,LTR/ERV1
35009,U4,snRNA
35138,LTR37-int,LTR/ERV1
35482,LTR28B,LTR/ERV1
35846,Charlie14a,DNA/hAT-Charlie
35941,MamRep1894,DNA/hAT
35957,L1MEg2,LINE/L1
36094,LTR14,LTR/ERVK
36095,HERVK14C-int,LTR/ERVK
36163,MER66A,LTR/ERV1
36217,MamGyp-int,LTR/Gypsy
36268,MLT1A1-int,LTR/ERVL-MaLR
36299,LTR46-int,LTR/ERV1
36311,L1M2a,LINE/L1
36316,MER4-int,LTR/ERV1
36345,L1P4e,LINE/L1
36464,Charlie9,DNA/hAT-Charlie
36482,LTR26D,LTR/ERV1
36767,LTR107_Mam,LTR
36792,X4b_DNA,DNA/TcMar
37187,UCON21,DNA?
37214,Tigger20a,DNA/TcMar-Tigger
37625,MLT1A-int,LTR/ERVL-MaLR
37635,Eulor1,DNA
37654,LTR7C,LTR/ERV1
38341,MER73,LTR/ERVL
38414,L1PBa,LINE/L1
38416,LTR06,LTR/ERV1
38461,LTR1E,LTR/ERV1
38483,LTR48,LTR/ERV1
38637,X2a_DNA,DNA
39097,hAT-N1_Mam,DNA/hAT-Tip100?
39481,MLT1E3-int,LTR/ERVL-MaLR
39494,PABL_A,LTR/ERV1
39541,LTR28C,LTR/ERV1
39562,MLT1K-int,LTR/ERVL-MaLR
39685,MER57-int,LTR/ERV1
39985,tRNA-Val-GTY,tRNA
40620,LTR47A2,LTR/ERVL
40881,UCON38,DNA/hAT-Charlie
40899,Arthur2,DNA/hAT-Tip100
41362,Tigger21a,DNA/TcMar-Tigger
41428,Eutr5,LTR?
41800,MER50-int,LTR/ERV1
41928,X4a_DNA,DNA/TcMar
42910,PABL_B-int,LTR/ERV1
43161,Charlie30b,DNA/hAT-Charlie
43187,Charlie10b,DNA/hAT-Charlie
43192,UCON4,Unknown
43373,hAT-5_Mam,DNA/hAT-Tag1
43889,MER66D,LTR/ERV1
43905,HY4,scRNA
44036,LTR87,LTR/ERVL?
45399,HERV1_LTRd,LTR/ERV1
45650,Tigger3,DNA/TcMar-Tigger
45816,LTR80B,LTR/ERVL
46107,MLT1E2-int,LTR/ERVL-MaLR
46137,MLT1B-int,LTR/ERVL-MaLR
46237,Eutr16,DNA?/hAT-Tip100?
46634,Zaphod5b,DNA/hAT-Tip100
46775,MER57E1,LTR/ERV1
47023,UCON33,DNA/TcMar-Tigger
47054,MER41C,LTR/ERV1
47298,EUTREP7,LTR/ERV1
47596,L1M2b,LINE/L1
47600,UCON37,DNA/hAT-Ac
47873,MamRTE2,LINE/RTE-BovB
47895,MSTD-int,LTR/ERVL-MaLR
48411,Looper,DNA/PiggyBac
48525,LTR22B2,LTR/ERVK
48592,Eulor12,DNA?
48719,LTR6A,LTR/ERV1
49399,MamGypLTR3,LTR/Gypsy
50069,MLT1F1-int,LTR/ERVL-MaLR
50202,X2b_DNA,DNA
50252,MER51C,LTR/ERV1
50502,LTR35A,LTR/ERV1
51816,MER97b,DNA/hAT-Tip100
52365,Eulor9A,DNA
52506,MLT1J2-int,LTR/ERVL-MaLR
52760,MER34D,LTR/ERV1
53558,MER51-int,LTR/ERV1
53676,MER65C,LTR/ERV1
54140,UCON55,DNA/TcMar-Tigger
55054,LTR12B,LTR/ERV1
55201,MamTip3B,DNA/hAT-Tip100
55736,MER57D,LTR/ERV1
57069,U17,snRNA
57187,LTR35,LTR/ERV1
57407,MER50B,LTR/ERV1
58443,LTR1D,LTR/ERV1
59441,MSTA1-int,LTR/ERVL-MaLR
59724,UCON19,Unknown
59741,L1MDb,LINE/L1
59912,UCON7,DNA?
60266,MLT1G-int,LTR/ERVL-MaLR
60267,LTR31,LTR/ERV1
60413,L1M3c,LINE/L1
60602,HERVK22-int,LTR/ERVK
60969,LTR17,LTR/ERV1
61106,MER83B,LTR/ERV1
61110,PrimLTR79,LTR/ERV1
61635,LTR27,LTR/ERV1
62114,MER74C,LTR/ERVL
62354,PABL_A-int,LTR/ERV1
63803,LTR1,LTR/ERV1
63860,MER99,DNA/hAT?
64098,UCON26,Unknown
64434,LTR88c,LTR/Gypsy?
64789,FordPrefect,DNA/hAT-Tip100
65103,UCON48,Unknown
65247,tRNA-Asp-GAY,tRNA
65760,L1M3e,LINE/L1
65822,SSU-rRNA_Hsa,rRNA
65965,HUERS-P3b-int,LTR/ERV1
66638,LTR6B,LTR/ERV1
67038,LTR38A1,LTR/ERV1
67063,EUTREP15,LTR/ERV1?
67332,HERVS71-int,LTR/ERV1
67682,HERVK11-int,LTR/ERVK
69002,EUTREP14,Unknown
69237,MLT1F2-int,LTR/ERVL-MaLR
69550,LTR90A,LTR
69624,THE1-int,LTR/ERVL-MaLR
69664,L1M6B,LINE/L1
70184,LTR86B2,LTR/ERVL
70671,LTR69,LTR/ERVL
71994,LTR1F2,LTR/ERV1
72354,Tigger6b,DNA/TcMar-Tigger
72584,HY5,scRNA
73006,MER89-int,LTR/ERV1
73373,tRNA-Glu-GAG,tRNA
73524,tRNA-Thr-ACG_,tRNA
73657,L1MEg1,LINE/L1
73874,UCON96,Unknown
74766,LTR2752,LTR/ERV1
75790,L1M3de,LINE/L1
75929,X24_DNA,DNA
75971,UCON1,Unknown
76325,UCON84,Unknown
76446,UCON12A,Unknown
77093,Eulor2B,DNA?
78252,X21_LINE,LINE/CR1
78483,tRNA-Ile-ATA,tRNA
79538,LTR1B0,LTR/ERV1
80104,LTR43,LTR/ERV1
80978,UCON40,DNA/TcMar-Mariner
80986,tRNA-Met,tRNA
81104,tRNA-Lys-AAG,tRNA
82411,MLT1N2-int,LTR/ERVL-MaLR
82694,MER70-int,LTR/ERVL
83128,L1M3d,LINE/L1
83451,LTR5A,LTR/ERVK
84849,LTR34,LTR/ERV1
86559,HERV17-int,LTR/ERV1
86724,UCON99,DNA
86779,MSTB1-int,LTR/ERVL-MaLR
87032,L1PBb,LINE/L1
87772,EuthAT-N1a,DNA/hAT-Tip100
87886,MER68C,LTR/ERVL
89734,LTR3B,LTR/ERVK
89947,tRNA-Thr-ACG,tRNA
91014,MER76,LTR/ERVL
91412,CR1-12_AMi,LINE/CR1
91526,MER97a,DNA/hAT-Tip100
91650,MLT1H2-int,LTR/ERVL-MaLR
92151,LTR27B,LTR/ERV1
92499,LTR47B4,LTR/ERVL
93488,LTR19-int,LTR/ERV1
93878,tRNA-Ser-AGY,tRNA
93883,UCON66,Unknown
94568,HERVIP10B3-int,LTR/ERV1
95062,Merlin1_HS,DNA/Merlin
96020,LTR108a_Mam,LTR/ERVL
96046,MSTC-int,LTR/ERVL-MaLR
96395,X10b_DNA,DNA/TcMar-Tigger
96839,tRNA-Leu-TTA(m),tRNA
96916,MER83B-int,LTR/ERV1
96987,Eutr2,DNA
97644,UCON39,DNA/TcMar-Tigger
98302,UCON5,Unknown
99203,MER61F,LTR/ERV1
99432,LTR1A1,LTR/ERV1
99872,UCON93,Unknown
100309,GSAT,Satellite/centr
100482,MLT1-int,LTR/ERVL-MaLR
100700,EUTREP4,DNA?/PiggyBac?
101857,LTR72B,LTR/ERV1
102147,LTR27E,LTR/ERV1
102193,L1P4b,LINE/L1
102372,Eulor9B,DNA
102425,L1M3a,LINE/L1
103478,L1P3b,LINE/L1
103634,CR1-11_Crp,LINE/CR1
103747,UCON31,Unknown
104327,hAT-4b_Ther,DNA/hAT-Tip100
104493,MER97d,DNA/hAT-Tip100
105247,LTR22C0,LTR/ERVK
106087,LTR68,LTR/ERV1
106317,CR1-L3B_Croc,LINE/CR1
108338,LTR12_,LTR/ERV1
109707,L1P4d,LINE/L1
111332,UCON6,Unknown
111870,CR1-13_AMi,LINE/CR1
113833,PRIMAX-int,LTR/ERV1
113853,LTR40A1,LTR/ERVL
114347,UCON86,LINE/L2
115658,UCON28b,Unknown
115741,LTR28,LTR/ERV1
116078,L1MEa,LINE/L1
116580,L1M2a1,LINE/L1
117853,MER132,DNA/TcMar-Pogo
118219,UCON8,DNA
118434,X2_LINE,LINE/CR1
118504,Eulor4,Unknown
118703,MARE6,LINE/L1-Tx1
118842,X22_DNA,DNA/TcMar?
119109,MER125,DNA
119287,Eulor6B,DNA?
119599,MER68B,LTR/ERVL
119892,UCON12,Unknown
120144,UCON85,Unknown
123069,MER123,DNA?
123316,MER95,LTR/ERV1
125268,Eulor6A,DNA?
125591,UCON97,DNA
126129,Eulor5A,DNA?
126135,UCON64,Unknown
126851,MARE11,Unknown
127342,MER61C,LTR/ERV1
127986,HERVK14-int,LTR/ERVK
129693,MER61E,LTR/ERV1
129869,UCON69,DNA/hAT?
130106,MER133A,DNA?
130668,UCON24,Unknown
131375,tRNA-Arg-AGA,tRNA
132069,LTR18A,LTR/ERVL
132070,HERVL18-int,LTR/ERVL
132283,MLT1O-int,LTR/ERVL-MaLR
132864,UCON60,Unknown
133023,MER72B,LTR/ERV1
135030,LTR47B3,LTR/ERVL
135799,Eulor9C,DNA
136817,L1M3b,LINE/L1
137415,LTR1B,LTR/ERV1
137453,LTR25-int,LTR/ERV1
137996,LTR9C,LTR/ERV1
138421,UCON80,DNA/hAT?
139304,MARE10,DNA/TcMar-Tigger
140417,HUERS-P2-int,LTR/ERV1
140759,MER67D,LTR/ERV1
141295,MER92D,LTR/ERV1
141591,MER110-int,LTR/ERV1
142304,MER83C,LTR/ERV1
144249,LTR53-int,LTR/ERVL
144481,HERVP71A-int,LTR/ERV1
144609,Charlie3,DNA/hAT-Charlie
144790,Eulor3,DNA?
144836,UCON18,Unknown
145005,UCON101,Unknown
145122,MER101B,LTR/ERV1
145157,Eulor6D,DNA?
145732,HERVL32-int,LTR/ERVL
145920,LTR58,LTR/ERV1
146034,tRNA-Arg-CGY_,tRNA
146262,Eulor8,DNA/TcMar?
146356,Ricksha_b,DNA/MULE-MuDR
146584,LTR22E,LTR/ERVK
146807,LTR73,LTR/ERV1
147143,UCON25,Unknown
147715,MER57C2,LTR/ERV1
147941,UCON28c,Unknown
149198,X13_LINE,LINE/L2
150779,Eulor6C,DNA?
151904,LTR35B,LTR/ERV1
153368,LTR22B,LTR/ERVK
154299,L1PBa1,LINE/L1
154982,tRNA-Phe-TTY,tRNA
155578,UCON2,DNA?
155634,UCON51,LTR?
155854,UCON15,Unknown
155914,Tigger17b,DNA/TcMar-Tigger
156034,UCON27,Unknown
156435,LTR27D,LTR/ERV1
156703,AluYk12,SINE/Alu
157108,UCON83,DNA?
157673,Eulor2C,DNA?
157747,UCON62,DNA?
158740,Eulor11,DNA
159580,LTR5,LTR/ERVK
159594,ALR/Alpha,Satellite/centr
162245,MLT1G3-int,LTR/ERVL-MaLR
163030,LTR19C,LTR/ERV1
165871,HERVH48-int,LTR/ERV1
166295,LTR30,LTR/ERV1
167973,MER134,DNA?
168136,LTR52-int,LTR/ERVL
168564,UCON28a,Unknown
168790,Eulor7,DNA?
168917,MSTB2-int,LTR/ERVL-MaLR
169104,MER133B,DNA?
170079,HERVKC4-int,LTR/ERVK
174071,HERVE_a-int,LTR/ERV1
177373,LTR70,LTR/ERV1
177819,tRNA-Cys-TGY,tRNA
179670,LTR22,LTR/ERVK
183607,UCON103,Unknown
185156,MER87B,LTR/ERV1
186329,Charlie11,DNA/hAT-Charlie
186468,MER88,LTR/ERVL
186515,LTR108e_Mam,LTR/ERVL
187468,MER92C,LTR/ERV1
190297,UCON9,Unknown
190960,LTR10G,LTR/ERV1
190961,HERVI-int,LTR/ERV1
191552,LTR25,LTR/ERV1
191932,LTR60,LTR/ERV1
192009,LTR3,LTR/ERVK
192010,HERVK3-int,LTR/ERVK
192285,L1P,LINE/L1
193637,hAT-16_Crp,DNA/hAT-Charlie
194665,LTR108d_Mam,LTR/ERVL
194821,LTR18C,LTR/ERVL
195455,MER83A-int,LTR/ERV1
195615,tRNA-Leu-CTA_,tRNA
196635,MER92A,LTR/ERV1
198442,tRNA-Gln-CAA,tRNA
208284,LTR10B1,LTR/ERV1
211827,Charlie6,DNA/hAT-Charlie
214465,LTR72,LTR/ERV1
215136,EuthAT-N1,DNA/hAT-Tip100
218177,tRNA-Met-i,tRNA
219201,tRNA-Lys-AAA,tRNA
220103,CER,Satellite
220104,HSAT5,Satellite
220232,SATR1,Satellite
220233,SATR2,Satellite
220747,ACRO1,Satellite/acro
225471,X1_LR,LTR/Gypsy
226120,MLT1E1-int,LTR/ERVL-MaLR
226738,tRNA-Asn-AAT,tRNA
229609,tRNA-Ala-GCY_,tRNA
232143,UCON23,DNA/hAT-Tip100?
234047,tRNA-Ser-TCY,tRNA
245769,MER76-int,LTR/ERVL
246087,MLT1C-int,LTR/ERVL-MaLR
248061,tRNA-Ile-ATT,tRNA
250126,tRNA-Leu-CTG,tRNA
250127,tRNA-Gly-GGY,tRNA
251698,LTR14C,LTR/ERVK
258912,UCON59,Unknown
260162,LTR47B,LTR/ERVL
260258,tRNA-Pro-CCG,tRNA
260259,tRNA-Pro-CCY,tRNA
263992,Eulor5B,DNA?
265659,LTR38C,LTR/ERV1
269546,HERV1_LTRa,LTR/ERV1
274034,MLT1L-int,LTR/ERVL-MaLR
275453,L2-3_AMi,LINE/L2
280255,tRNA-Tyr-TAC,tRNA
298382,Charlie7b_Mars,DNA/hAT-Charlie
300503,UCON71,Unknown
303065,LTR108c_Mam,LTR/ERVL
303184,LTR108b_Mam,LTR/ERVL
304615,ERVL47-int,LTR/ERVL
306106,LTR59,LTR/ERV1
318720,Chompy-7_Croc,DNA/PIF-Harbinger
323018,MER136,DNA
323633,UCON17,Unknown
335960,EutTc1-N1,DNA/TcMar-Tc1
347194,UCON61,Unknown
355164,MER57E3,LTR/ERV1
356464,HSAT4,Satellite/centr
357053,Eulor6E,DNA?
366313,U8,snRNA
372756,tRNA-Thr-ACY,tRNA
372885,L1P4c,LINE/L1
378947,tRNA-Leu-TTG,tRNA
379531,HERVK11D-int,LTR/ERVK
388052,(GAATG)n,Satellite
393267,UCON67,Unknown
394354,Chompy-6_Croc,DNA/PIF-Harbinger
397379,tRNA-Val-GTA,tRNA
416673,UCON94,Unknown
427520,tRNA-Leu-CTY,tRNA
450638,REP522,Satellite/telo
451356,HSATI,Satellite
451456,MER9B,LTR/ERVK
469752,HERV30-int,LTR/ERV1
470340,EUTREP6,Unknown
474028,MLT1E-int,LTR/ERVL-MaLR
490966,tRNA-Ser-TCA,tRNA
495744,tRNA-Trp-TGG,tRNA
507047,UCON75,Unknown
532534,SST1,Satellite/centr
532698,tRNA-Ser-TCG,tRNA
535000,Tigger1a_Mars,DNA/TcMar-Tigger
550620,UCON100,DNA?
600419,LTR43-int,LTR/ERV1
600435,LSAU,Satellite
601009,HERV1_LTRe,LTR/ERV1
606145,HERV-Fc1_LTR1,LTR/ERV1
608460,HERV-Fc1_LTR2,LTR/ERV1
608461,HERV-Fc2-int,LTR/ERV1
608466,HERV-Fc1-int,LTR/ERV1
627214,U14,snRNA
636919,UCON56,Unknown
673500,HERV1_LTRc,LTR/ERV1
681062,tRNA-Ala-GCA,tRNA
681940,HERV15-int,LTR/ERV1
682682,HERV-Fc1_LTR3,LTR/ERV1
705912,tRNA-Ala-GCY,tRNA
710650,UCON87,Unknown
721066,tRNA-Pro-CCA,tRNA
734371,HERV1_LTRb,LTR/ERV1
735728,UCON68,Unknown
871002,GSATX,Satellite/centr
875788,MARE9,Unknown
888090,CRP1,SINE?/tRNA
896499,tRNA-Tyr-TAT,tRNA
931391,tRNA-Arg-CGA,tRNA
940582,Charlie12,DNA/hAT-Charlie
969191,UCON92,Unknown
1025309,tRNA-Ala-GCG,tRNA
1033416,LTR109A2,LTR/ERV1
1040696,LTR22C,LTR/ERVK
1042795,tRNA-Arg-AGG,tRNA
1364710,tRNA-Thr-ACY_,tRNA
1437834,tRNA-Arg-CGA_,tRNA
1462264,tRNA-Arg-CGG,tRNA
1504761,tRNA-Leu-CTA,tRNA
1527920,HSAT6,Satellite
1755518,tRNA-Ile-ATC,tRNA
1820738,(CATTC)n,Satellite
1958175,tRNA-SeC(e)-TGA,tRNA
2269475,D20S16,Satellite
2814305,tRNA-His-CAY,tRNA
3076664,MLT1M-int,LTR/ERVL-MaLR
3480372,tRNA-Ser-TCA_,tRNA
4004654,SAR,Satellite
